﻿Designator,Footprint,Quantity,Value,LCSC Part #
D1,D_DO-41_SOD81_P10.16mm_Horizontal,1,4V3,
"D10, D11, D12, D2, D3",LED_D3.0mm,5,LED,
"D4, D7, D8, D9",D_DO-35_SOD27_P7.62mm_Horizontal,4,1N4148,
D5,D_DO-41_SOD81_P10.16mm_Horizontal,1,15V,
D6,D_DO-41_SOD81_P10.16mm_Horizontal,1,4V7,
J1,TerminalBlock_MaiXu_MX126-5.0-02P_1x02_P5.00mm,1,Screw_Terminal_01x02,
Q1,TO-92_Inline,1,BC558,
"R1, R7",R_Axial_DIN0204_L3.6mm_D1.6mm_P7.62mm_Horizontal,2,330,
"R10, R5, R8, R9",R_Axial_DIN0204_L3.6mm_D1.6mm_P7.62mm_Horizontal,4,220,
"R2, R4",R_Axial_DIN0204_L3.6mm_D1.6mm_P7.62mm_Horizontal,2,1K,
R3,R_Axial_DIN0204_L3.6mm_D1.6mm_P7.62mm_Horizontal,1,10K,
R6,R_Axial_DIN0204_L3.6mm_D1.6mm_P7.62mm_Horizontal,1,100,
U1,WEMOS_D1_mini_light,1,WEMOS_D1_mini,
"U2, U3",DIP-4_W7.62mm,2,Optocoupler_DC_PhotoNPN_AKEC,
